STATION,STATION_NAME,ELEVATION,LATITUDE,LONGITUDE,DATE,PRCP,SNWD,SNOW,TMAX,TMIN,TOBS,WINTER,graphdates
GHCND:USC00462211,DAVIS 3 SE WV US,1162.8,39.098,-79.4322,20111001,76,0,0,128,0,0,2011-2012,10/1/2011
GHCND:USC00462211,DAVIS 3 SE WV US,1162.8,39.098,-79.4322,20111002,257,51,86,17,-6,-6,2011-2012,10/2/2011
GHCND:USC00462211,DAVIS 3 SE WV US,1162.8,39.098,-79.4322,20111003,183,127,124,6,-6,-6,2011-2012,10/3/2011
GHCND:USC00462211,DAVIS 3 SE WV US,1162.8,39.098,-79.4322,20111004,81,51,0,50,-6,50,2011-2012,10/4/2011
GHCND:USC00462211,DAVIS 3 SE WV US,1162.8,39.098,-79.4322,20111005,13,0,0,78,50,61,2011-2012,10/5/2011
GHCND:USC00462211,DAVIS 3 SE WV US,1162.8,39.098,-79.4322,20111006,0,0,0,161,61,72,2011-2012,10/6/2011
GHCND:USC00462211,DAVIS 3 SE WV US,1162.8,39.098,-79.4322,20111007,0,0,0,194,61,61,2011-2012,10/7/2011
GHCND:USC00462211,DAVIS 3 SE WV US,1162.8,39.098,-79.4322,20111008,0,0,0,211,61,100,2011-2012,10/8/2011
GHCND:USC00462211,DAVIS 3 SE WV US,1162.8,39.098,-79.4322,20111009,0,0,0,233,83,83,2011-2012,10/9/2011
GHCND:USC00462211,DAVIS 3 SE WV US,1162.8,39.098,-79.4322,20111010,0,0,0,228,83,94,2011-2012,10/10/2011
GHCND:USC00462211,DAVIS 3 SE WV US,1162.8,39.098,-79.4322,20111011,0,0,0,206,94,117,2011-2012,10/11/2011
GHCND:USC00462211,DAVIS 3 SE WV US,1162.8,39.098,-79.4322,20111012,86,0,0,172,94,106,2011-2012,10/12/2011
GHCND:USC00462211,DAVIS 3 SE WV US,1162.8,39.098,-79.4322,20111013,38,0,0,128,100,122,2011-2012,10/13/2011
GHCND:USC00462211,DAVIS 3 SE WV US,1162.8,39.098,-79.4322,20111014,84,0,0,167,100,100,2011-2012,10/14/2011
GHCND:USC00462211,DAVIS 3 SE WV US,1162.8,39.098,-79.4322,20111015,150,0,0,106,39,44,2011-2012,10/15/2011
GHCND:USC00462211,DAVIS 3 SE WV US,1162.8,39.098,-79.4322,20111016,0,0,0,111,44,50,2011-2012,10/16/2011
GHCND:USC00462211,DAVIS 3 SE WV US,1162.8,39.098,-79.4322,20111017,0,0,0,172,44,50,2011-2012,10/17/2011
GHCND:USC00462211,DAVIS 3 SE WV US,1162.8,39.098,-79.4322,20111018,0,0,0,139,44,72,2011-2012,10/18/2011
GHCND:USC00462211,DAVIS 3 SE WV US,1162.8,39.098,-79.4322,20111019,0,0,0,200,67,111,2011-2012,10/19/2011
GHCND:USC00462211,DAVIS 3 SE WV US,1162.8,39.098,-79.4322,20111020,66,0,0,128,17,17,2011-2012,10/20/2011
GHCND:USC00462211,DAVIS 3 SE WV US,1162.8,39.098,-79.4322,20111021,76,0,0,28,0,6,2011-2012,10/21/2011
GHCND:USC00462211,DAVIS 3 SE WV US,1162.8,39.098,-79.4322,20111022,3,0,0,22,6,17,2011-2012,10/22/2011
GHCND:USC00462211,DAVIS 3 SE WV US,1162.8,39.098,-79.4322,20111023,0,0,0,106,-11,11,2011-2012,10/23/2011
GHCND:USC00462211,DAVIS 3 SE WV US,1162.8,39.098,-79.4322,20111024,0,0,0,122,11,67,2011-2012,10/24/2011
GHCND:USC00462211,DAVIS 3 SE WV US,1162.8,39.098,-79.4322,20111025,28,0,0,139,22,22,2011-2012,10/25/2011
GHCND:USC00462211,DAVIS 3 SE WV US,1162.8,39.098,-79.4322,20111026,0,0,0,139,22,111,2011-2012,10/26/2011
GHCND:USC00462211,DAVIS 3 SE WV US,1162.8,39.098,-79.4322,20111027,274,0,0,128,89,100,2011-2012,10/27/2011
GHCND:USC00462211,DAVIS 3 SE WV US,1162.8,39.098,-79.4322,20111028,152,0,0,100,-33,-33,2011-2012,10/28/2011
GHCND:USC00462211,DAVIS 3 SE WV US,1162.8,39.098,-79.4322,20111029,99,127,142,6,-39,-33,2011-2012,10/29/2011
GHCND:USC00462211,DAVIS 3 SE WV US,1162.8,39.098,-79.4322,20111030,69,152,81,0,-33,-22,2011-2012,10/30/2011
GHCND:USC00462211,DAVIS 3 SE WV US,1162.8,39.098,-79.4322,20111031,0,102,0,61,-22,11,2011-2012,10/31/2011
GHCND:USC00462211,DAVIS 3 SE WV US,1162.8,39.098,-79.4322,20111101,0,51,0,56,-33,-22,2011-2012,11/1/2011
GHCND:USC00462211,DAVIS 3 SE WV US,1162.8,39.098,-79.4322,20111102,0,0,0,100,-33,6,2011-2012,11/2/2011
GHCND:USC00462211,DAVIS 3 SE WV US,1162.8,39.098,-79.4322,20111103,0,0,0,161,6,67,2011-2012,11/3/2011
GHCND:USC00462211,DAVIS 3 SE WV US,1162.8,39.098,-79.4322,20111104,0,0,0,172,44,44,2011-2012,11/4/2011
GHCND:USC00462211,DAVIS 3 SE WV US,1162.8,39.098,-79.4322,20111105,0,0,0,106,-44,-39,2011-2012,11/5/2011
GHCND:USC00462211,DAVIS 3 SE WV US,1162.8,39.098,-79.4322,20111106,0,0,0,89,-39,56,2011-2012,11/6/2011
GHCND:USC00462211,DAVIS 3 SE WV US,1162.8,39.098,-79.4322,20111107,0,0,0,167,28,56,2011-2012,11/7/2011
GHCND:USC00462211,DAVIS 3 SE WV US,1162.8,39.098,-79.4322,20111108,0,0,0,161,17,39,2011-2012,11/8/2011
GHCND:USC00462211,DAVIS 3 SE WV US,1162.8,39.098,-79.4322,20111109,0,0,0,194,39,67,2011-2012,11/9/2011
GHCND:USC00462211,DAVIS 3 SE WV US,1162.8,39.098,-79.4322,20111110,3,0,0,200,67,78,2011-2012,11/10/2011
GHCND:USC00462211,DAVIS 3 SE WV US,1162.8,39.098,-79.4322,20111111,15,25,15,78,-61,-56,2011-2012,11/11/2011
GHCND:USC00462211,DAVIS 3 SE WV US,1162.8,39.098,-79.4322,20111112,5,25,8,22,-56,22,2011-2012,11/12/2011
GHCND:USC00462211,DAVIS 3 SE WV US,1162.8,39.098,-79.4322,20111113,0,0,0,111,22,56,2011-2012,11/13/2011
GHCND:USC00462211,DAVIS 3 SE WV US,1162.8,39.098,-79.4322,20111114,0,0,0,139,56,128,2011-2012,11/14/2011
GHCND:USC00462211,DAVIS 3 SE WV US,1162.8,39.098,-79.4322,20111115,89,0,0,178,72,72,2011-2012,11/15/2011
GHCND:USC00462211,DAVIS 3 SE WV US,1162.8,39.098,-79.4322,20111116,38,0,0,111,67,100,2011-2012,11/16/2011
GHCND:USC00462211,DAVIS 3 SE WV US,1162.8,39.098,-79.4322,20111117,198,0,0,106,-28,-28,2011-2012,11/17/2011
GHCND:USC00462211,DAVIS 3 SE WV US,1162.8,39.098,-79.4322,20111118,36,51,46,-28,-94,-94,2011-2012,11/18/2011
GHCND:USC00462211,DAVIS 3 SE WV US,1162.8,39.098,-79.4322,20111119,0,25,0,56,-94,44,2011-2012,11/19/2011
GHCND:USC00462211,DAVIS 3 SE WV US,1162.8,39.098,-79.4322,20111120,18,0,0,111,33,89,2011-2012,11/20/2011
GHCND:USC00462211,DAVIS 3 SE WV US,1162.8,39.098,-79.4322,20111121,163,0,0,100,89,89,2011-2012,11/21/2011
GHCND:USC00462211,DAVIS 3 SE WV US,1162.8,39.098,-79.4322,20111122,36,0,0,106,89,100,2011-2012,11/22/2011
GHCND:USC00462211,DAVIS 3 SE WV US,1162.8,39.098,-79.4322,20111123,447,0,0,122,72,72,2011-2012,11/23/2011
GHCND:USC00462211,DAVIS 3 SE WV US,1162.8,39.098,-79.4322,20111124,71,25,30,72,-22,-17,2011-2012,11/24/2011
GHCND:USC00462211,DAVIS 3 SE WV US,1162.8,39.098,-79.4322,20111125,0,0,0,61,-17,22,2011-2012,11/25/2011
GHCND:USC00462211,DAVIS 3 SE WV US,1162.8,39.098,-79.4322,20111126,0,0,0,122,22,78,2011-2012,11/26/2011
GHCND:USC00462211,DAVIS 3 SE WV US,1162.8,39.098,-79.4322,20111127,0,0,0,111,56,78,2011-2012,11/27/2011
GHCND:USC00462211,DAVIS 3 SE WV US,1162.8,39.098,-79.4322,20111128,0,0,0,161,78,106,2011-2012,11/28/2011
GHCND:USC00462211,DAVIS 3 SE WV US,1162.8,39.098,-79.4322,20111129,51,0,0,144,106,106,2011-2012,11/29/2011
GHCND:USC00462211,DAVIS 3 SE WV US,1162.8,39.098,-79.4322,20111130,152,76,81,106,-39,-39,2011-2012,11/30/2011
GHCND:USC00462211,DAVIS 3 SE WV US,1162.8,39.098,-79.4322,20111201,13,76,20,-33,-56,-56,2011-2012,12/1/2011
GHCND:USC00462211,DAVIS 3 SE WV US,1162.8,39.098,-79.4322,20111202,0,51,0,44,-61,-6,2011-2012,12/2/2011
GHCND:USC00462211,DAVIS 3 SE WV US,1162.8,39.098,-79.4322,20111203,0,51,0,56,-56,0,2011-2012,12/3/2011
GHCND:USC00462211,DAVIS 3 SE WV US,1162.8,39.098,-79.4322,20111204,0,25,0,100,-6,33,2011-2012,12/4/2011
GHCND:USC00462211,DAVIS 3 SE WV US,1162.8,39.098,-79.4322,20111205,0,0,0,144,33,72,2011-2012,12/5/2011
GHCND:USC00462211,DAVIS 3 SE WV US,1162.8,39.098,-79.4322,20111206,48,0,0,133,72,106,2011-2012,12/6/2011
GHCND:USC00462211,DAVIS 3 SE WV US,1162.8,39.098,-79.4322,20111207,135,0,0,122,50,56,2011-2012,12/7/2011
GHCND:USC00462211,DAVIS 3 SE WV US,1162.8,39.098,-79.4322,20111208,411,229,257,56,-83,-78,2011-2012,12/8/2011
GHCND:USC00462211,DAVIS 3 SE WV US,1162.8,39.098,-79.4322,20111209,0,178,0,-22,-83,-33,2011-2012,12/9/2011
GHCND:USC00462211,DAVIS 3 SE WV US,1162.8,39.098,-79.4322,20111210,0,152,0,22,-50,-50,2011-2012,12/10/2011
GHCND:USC00462211,DAVIS 3 SE WV US,1162.8,39.098,-79.4322,20111211,0,127,0,-33,-128,-122,2011-2012,12/11/2011
GHCND:USC00462211,DAVIS 3 SE WV US,1162.8,39.098,-79.4322,20111212,0,127,0,33,-122,-11,2011-2012,12/12/2011
GHCND:USC00462211,DAVIS 3 SE WV US,1162.8,39.098,-79.4322,20111213,0,102,0,61,-33,-33,2011-2012,12/13/2011
GHCND:USC00462211,DAVIS 3 SE WV US,1162.8,39.098,-79.4322,20111214,0,102,0,50,-33,22,2011-2012,12/14/2011
GHCND:USC00462211,DAVIS 3 SE WV US,1162.8,39.098,-79.4322,20111215,15,0,0,100,22,100,2011-2012,12/15/2011
GHCND:USC00462211,DAVIS 3 SE WV US,1162.8,39.098,-79.4322,20111216,66,0,0,128,-28,-28,2011-2012,12/16/2011
GHCND:USC00462211,DAVIS 3 SE WV US,1162.8,39.098,-79.4322,20111217,0,0,0,-28,-67,-67,2011-2012,12/17/2011
GHCND:USC00462211,DAVIS 3 SE WV US,1162.8,39.098,-79.4322,20111218,30,51,43,-50,-78,-67,2011-2012,12/18/2011
GHCND:USC00462211,DAVIS 3 SE WV US,1162.8,39.098,-79.4322,20111219,10,51,13,-17,-67,-17,2011-2012,12/19/2011
GHCND:USC00462211,DAVIS 3 SE WV US,1162.8,39.098,-79.4322,20111220,13,0,0,44,-17,11,2011-2012,12/20/2011
GHCND:USC00462211,DAVIS 3 SE WV US,1162.8,39.098,-79.4322,20111221,0,0,0,94,11,78,2011-2012,12/21/2011
GHCND:USC00462211,DAVIS 3 SE WV US,1162.8,39.098,-79.4322,20111222,18,0,0,117,33,33,2011-2012,12/22/2011
GHCND:USC00462211,DAVIS 3 SE WV US,1162.8,39.098,-79.4322,20111223,206,0,0,89,-6,-6,2011-2012,12/23/2011
GHCND:USC00462211,DAVIS 3 SE WV US,1162.8,39.098,-79.4322,20111224,13,25,18,-6,-56,-56,2011-2012,12/24/2011
GHCND:USC00462211,DAVIS 3 SE WV US,1162.8,39.098,-79.4322,20111225,0,25,0,-11,-56,-39,2011-2012,12/25/2011
GHCND:USC00462211,DAVIS 3 SE WV US,1162.8,39.098,-79.4322,20111226,0,0,0,28,-50,-50,2011-2012,12/26/2011
GHCND:USC00462211,DAVIS 3 SE WV US,1162.8,39.098,-79.4322,20111227,0,0,0,67,-50,50,2011-2012,12/27/2011
GHCND:USC00462211,DAVIS 3 SE WV US,1162.8,39.098,-79.4322,20111228,221,51,66,56,-39,-39,2011-2012,12/28/2011
GHCND:USC00462211,DAVIS 3 SE WV US,1162.8,39.098,-79.4322,20111229,0,51,0,-39,-72,-50,2011-2012,12/29/2011
GHCND:USC00462211,DAVIS 3 SE WV US,1162.8,39.098,-79.4322,20111230,0,51,0,11,-50,11,2011-2012,12/30/2011
GHCND:USC00462211,DAVIS 3 SE WV US,1162.8,39.098,-79.4322,20111231,30,0,0,89,11,17,2011-2012,12/31/2011
GHCND:USC00462211,DAVIS 3 SE WV US,1162.8,39.098,-79.4322,20120101,5,0,0,33,0,33,2011-2012,1/1/2012
GHCND:USC00462211,DAVIS 3 SE WV US,1162.8,39.098,-79.4322,20120102,48,25,23,94,-83,-83,2011-2012,1/2/2012
GHCND:USC00462211,DAVIS 3 SE WV US,1162.8,39.098,-79.4322,20120103,119,229,269,-78,-133,-133,2011-2012,1/3/2012
GHCND:USC00462211,DAVIS 3 SE WV US,1162.8,39.098,-79.4322,20120104,41,254,71,-117,-161,-139,2011-2012,1/4/2012
GHCND:USC00462211,DAVIS 3 SE WV US,1162.8,39.098,-79.4322,20120105,5,203,8,-44,-139,-56,2011-2012,1/5/2012
GHCND:USC00462211,DAVIS 3 SE WV US,1162.8,39.098,-79.4322,20120106,0,152,0,17,-56,11,2011-2012,1/6/2012
GHCND:USC00462211,DAVIS 3 SE WV US,1162.8,39.098,-79.4322,20120107,0,76,0,100,11,56,2011-2012,1/7/2012
GHCND:USC00462211,DAVIS 3 SE WV US,1162.8,39.098,-79.4322,20120108,8,0,0,78,-33,-33,2011-2012,1/8/2012
GHCND:USC00462211,DAVIS 3 SE WV US,1162.8,39.098,-79.4322,20120109,0,0,0,11,-50,-17,2011-2012,1/9/2012
GHCND:USC00462211,DAVIS 3 SE WV US,1162.8,39.098,-79.4322,20120110,0,0,0,28,-39,-39,2011-2012,1/10/2012
GHCND:USC00462211,DAVIS 3 SE WV US,1162.8,39.098,-79.4322,20120111,0,0,0,33,-39,11,2011-2012,1/11/2012
GHCND:USC00462211,DAVIS 3 SE WV US,1162.8,39.098,-79.4322,20120112,213,0,0,44,0,39,2011-2012,1/12/2012
GHCND:USC00462211,DAVIS 3 SE WV US,1162.8,39.098,-79.4322,20120113,114,76,86,50,-122,-122,2011-2012,1/13/2012
GHCND:USC00462211,DAVIS 3 SE WV US,1162.8,39.098,-79.4322,20120114,63,152,122,-117,-133,-122,2011-2012,1/14/2012
GHCND:USC00462211,DAVIS 3 SE WV US,1162.8,39.098,-79.4322,20120115,38,203,81,-89,-133,-133,2011-2012,1/15/2012
GHCND:USC00462211,DAVIS 3 SE WV US,1162.8,39.098,-79.4322,20120116,0,178,0,-61,-150,-67,2011-2012,1/16/2012
GHCND:USC00462211,DAVIS 3 SE WV US,1162.8,39.098,-79.4322,20120117,163,51,0,61,-67,56,2011-2012,1/17/2012
GHCND:USC00462211,DAVIS 3 SE WV US,1162.8,39.098,-79.4322,20120118,117,25,18,100,-72,-72,2011-2012,1/18/2012
GHCND:USC00462211,DAVIS 3 SE WV US,1162.8,39.098,-79.4322,20120119,15,25,23,-67,-128,-117,2011-2012,1/19/2012
GHCND:USC00462211,DAVIS 3 SE WV US,1162.8,39.098,-79.4322,20120120,79,152,130,0,-117,-83,2011-2012,1/20/2012
GHCND:USC00462211,DAVIS 3 SE WV US,1162.8,39.098,-79.4322,20120121,84,76,0,28,-83,11,2011-2012,1/21/2012
GHCND:USC00462211,DAVIS 3 SE WV US,1162.8,39.098,-79.4322,20120122,0,76,0,22,-72,-67,2011-2012,1/22/2012
GHCND:USC00462211,DAVIS 3 SE WV US,1162.8,39.098,-79.4322,20120123,0,25,0,56,-67,50,2011-2012,1/23/2012
GHCND:USC00462211,DAVIS 3 SE WV US,1162.8,39.098,-79.4322,20120124,13,0,0,106,0,0,2011-2012,1/24/2012
GHCND:USC00462211,DAVIS 3 SE WV US,1162.8,39.098,-79.4322,20120125,0,0,0,50,-33,-28,2011-2012,1/25/2012
GHCND:USC00462211,DAVIS 3 SE WV US,1162.8,39.098,-79.4322,20120126,5,0,0,139,-33,61,2011-2012,1/26/2012
GHCND:USC00462211,DAVIS 3 SE WV US,1162.8,39.098,-79.4322,20120127,178,0,0,117,61,78,2011-2012,1/27/2012
GHCND:USC00462211,DAVIS 3 SE WV US,1162.8,39.098,-79.4322,20120128,71,25,20,78,-44,-33,2011-2012,1/28/2012
GHCND:USC00462211,DAVIS 3 SE WV US,1162.8,39.098,-79.4322,20120129,5,25,8,17,-89,-83,2011-2012,1/29/2012
GHCND:USC00462211,DAVIS 3 SE WV US,1162.8,39.098,-79.4322,20120130,41,76,46,0,-100,-100,2011-2012,1/30/2012
GHCND:USC00462211,DAVIS 3 SE WV US,1162.8,39.098,-79.4322,20120131,0,51,0,44,-100,44,2011-2012,1/31/2012
GHCND:USC00462211,DAVIS 3 SE WV US,1162.8,39.098,-79.4322,20120201,28,0,0,117,39,44,2011-2012,2/1/2012
GHCND:USC00462211,DAVIS 3 SE WV US,1162.8,39.098,-79.4322,20120202,58,0,0,61,39,39,2011-2012,2/2/2012
GHCND:USC00462211,DAVIS 3 SE WV US,1162.8,39.098,-79.4322,20120203,0,0,0,44,-50,-50,2011-2012,2/3/2012
GHCND:USC00462211,DAVIS 3 SE WV US,1162.8,39.098,-79.4322,20120204,0,0,0,83,-50,0,2011-2012,2/4/2012
GHCND:USC00462211,DAVIS 3 SE WV US,1162.8,39.098,-79.4322,20120205,86,51,43,39,-33,-33,2011-2012,2/5/2012
GHCND:USC00462211,DAVIS 3 SE WV US,1162.8,39.098,-79.4322,20120206,5,51,8,0,-89,-83,2011-2012,2/6/2012
GHCND:USC00462211,DAVIS 3 SE WV US,1162.8,39.098,-79.4322,20120207,0,25,0,44,-89,-39,2011-2012,2/7/2012
GHCND:USC00462211,DAVIS 3 SE WV US,1162.8,39.098,-79.4322,20120208,0,25,0,50,-39,-33,2011-2012,2/8/2012
GHCND:USC00462211,DAVIS 3 SE WV US,1162.8,39.098,-79.4322,20120209,84,102,84,-11,-78,-78,2011-2012,2/9/2012
GHCND:USC00462211,DAVIS 3 SE WV US,1162.8,39.098,-79.4322,20120210,0,76,0,-11,-94,-72,2011-2012,2/10/2012
GHCND:USC00462211,DAVIS 3 SE WV US,1162.8,39.098,-79.4322,20120211,56,127,51,-22,-72,-61,2011-2012,2/11/2012
GHCND:USC00462211,DAVIS 3 SE WV US,1162.8,39.098,-79.4322,20120212,137,279,216,-50,-178,-161,2011-2012,2/12/2012
GHCND:USC00462211,DAVIS 3 SE WV US,1162.8,39.098,-79.4322,20120213,23,254,33,-106,-161,-106,2011-2012,2/13/2012
GHCND:USC00462211,DAVIS 3 SE WV US,1162.8,39.098,-79.4322,20120214,0,203,0,-28,-106,-39,2011-2012,2/14/2012
GHCND:USC00462211,DAVIS 3 SE WV US,1162.8,39.098,-79.4322,20120215,48,203,41,33,-39,-39,2011-2012,2/15/2012
GHCND:USC00462211,DAVIS 3 SE WV US,1162.8,39.098,-79.4322,20120216,18,152,0,56,-39,17,2011-2012,2/16/2012
GHCND:USC00462211,DAVIS 3 SE WV US,1162.8,39.098,-79.4322,20120217,112,102,0,50,-39,-39,2011-2012,2/17/2012
GHCND:USC00462211,DAVIS 3 SE WV US,1162.8,39.098,-79.4322,20120218,0,76,0,11,-39,-22,2011-2012,2/18/2012
GHCND:USC00462211,DAVIS 3 SE WV US,1162.8,39.098,-79.4322,20120219,0,76,0,67,-67,-67,2011-2012,2/19/2012
GHCND:USC00462211,DAVIS 3 SE WV US,1162.8,39.098,-79.4322,20120220,0,76,0,-6,-83,-83,2011-2012,2/20/2012
GHCND:USC00462211,DAVIS 3 SE WV US,1162.8,39.098,-79.4322,20120221,0,76,0,44,-83,0,2011-2012,2/21/2012
GHCND:USC00462211,DAVIS 3 SE WV US,1162.8,39.098,-79.4322,20120222,10,51,0,61,-11,-11,2011-2012,2/22/2012
GHCND:USC00462211,DAVIS 3 SE WV US,1162.8,39.098,-79.4322,20120223,53,51,5,83,-11,6,2011-2012,2/23/2012
GHCND:USC00462211,DAVIS 3 SE WV US,1162.8,39.098,-79.4322,20120224,140,0,0,94,6,94,2011-2012,2/24/2012
GHCND:USC00462211,DAVIS 3 SE WV US,1162.8,39.098,-79.4322,20120225,74,76,84,128,-89,-89,2011-2012,2/25/2012
GHCND:USC00462211,DAVIS 3 SE WV US,1162.8,39.098,-79.4322,20120226,41,102,71,-67,-111,-111,2011-2012,2/26/2012
GHCND:USC00462211,DAVIS 3 SE WV US,1162.8,39.098,-79.4322,20120227,0,76,0,39,-111,28,2011-2012,2/27/2012
GHCND:USC00462211,DAVIS 3 SE WV US,1162.8,39.098,-79.4322,20120228,0,25,0,94,-61,-56,2011-2012,2/28/2012
GHCND:USC00462211,DAVIS 3 SE WV US,1162.8,39.098,-79.4322,20120229,13,0,0,111,-56,67,2011-2012,2/29/2012
GHCND:USC00462211,DAVIS 3 SE WV US,1162.8,39.098,-79.4322,20120301,645,0,0,128,28,28,2011-2012,3/1/2012
GHCND:USC00462211,DAVIS 3 SE WV US,1162.8,39.098,-79.4322,20120302,0,0,0,78,-17,44,2011-2012,3/2/2012
GHCND:USC00462211,DAVIS 3 SE WV US,1162.8,39.098,-79.4322,20120303,226,0,0,106,6,6,2011-2012,3/3/2012
GHCND:USC00462211,DAVIS 3 SE WV US,1162.8,39.098,-79.4322,20120304,5,0,10,50,-67,-67,2011-2012,3/4/2012
GHCND:USC00462211,DAVIS 3 SE WV US,1162.8,39.098,-79.4322,20120305,33,76,66,-44,-89,-72,2011-2012,3/5/2012
GHCND:USC00462211,DAVIS 3 SE WV US,1162.8,39.098,-79.4322,20120306,58,152,104,-39,-128,-100,2011-2012,3/6/2012
GHCND:USC00462211,DAVIS 3 SE WV US,1162.8,39.098,-79.4322,20120307,0,51,0,111,-100,67,2011-2012,3/7/2012
GHCND:USC00462211,DAVIS 3 SE WV US,1162.8,39.098,-79.4322,20120308,0,0,0,150,67,78,2011-2012,3/8/2012
GHCND:USC00462211,DAVIS 3 SE WV US,1162.8,39.098,-79.4322,20120309,71,0,0,161,-44,-44,2011-2012,3/9/2012
GHCND:USC00462211,DAVIS 3 SE WV US,1162.8,39.098,-79.4322,20120310,0,0,0,39,-89,-89,2011-2012,3/10/2012
GHCND:USC00462211,DAVIS 3 SE WV US,1162.8,39.098,-79.4322,20120311,0,0,0,56,-89,39,2011-2012,3/11/2012
GHCND:USC00462211,DAVIS 3 SE WV US,1162.8,39.098,-79.4322,20120312,0,0,0,156,33,44,2011-2012,3/12/2012
GHCND:USC00462211,DAVIS 3 SE WV US,1162.8,39.098,-79.4322,20120313,94,0,0,178,44,106,2011-2012,3/13/2012
GHCND:USC00462211,DAVIS 3 SE WV US,1162.8,39.098,-79.4322,20120314,0,0,0,172,67,67,2011-2012,3/14/2012
GHCND:USC00462211,DAVIS 3 SE WV US,1162.8,39.098,-79.4322,20120315,0,0,0,194,61,122,2011-2012,3/15/2012
GHCND:USC00462211,DAVIS 3 SE WV US,1162.8,39.098,-79.4322,20120316,0,0,0,178,100,100,2011-2012,3/16/2012
GHCND:USC00462211,DAVIS 3 SE WV US,1162.8,39.098,-79.4322,20120317,8,0,0,172,83,83,2011-2012,3/17/2012
GHCND:USC00462211,DAVIS 3 SE WV US,1162.8,39.098,-79.4322,20120318,30,0,0,211,78,106,2011-2012,3/18/2012
GHCND:USC00462211,DAVIS 3 SE WV US,1162.8,39.098,-79.4322,20120319,185,0,0,167,89,94,2011-2012,3/19/2012
GHCND:USC00462211,DAVIS 3 SE WV US,1162.8,39.098,-79.4322,20120320,5,0,0,200,94,128,2011-2012,3/20/2012
GHCND:USC00462211,DAVIS 3 SE WV US,1162.8,39.098,-79.4322,20120321,175,0,0,217,100,111,2011-2012,3/21/2012
GHCND:USC00462211,DAVIS 3 SE WV US,1162.8,39.098,-79.4322,20120322,0,0,0,200,111,117,2011-2012,3/22/2012
GHCND:USC00462211,DAVIS 3 SE WV US,1162.8,39.098,-79.4322,20120323,0,0,0,233,100,106,2011-2012,3/23/2012
GHCND:USC00462211,DAVIS 3 SE WV US,1162.8,39.098,-79.4322,20120324,76,0,0,233,106,117,2011-2012,3/24/2012
GHCND:USC00462211,DAVIS 3 SE WV US,1162.8,39.098,-79.4322,20120325,38,0,0,139,78,78,2011-2012,3/25/2012
GHCND:USC00462211,DAVIS 3 SE WV US,1162.8,39.098,-79.4322,20120326,28,0,0,144,44,44,2011-2012,3/26/2012
GHCND:USC00462211,DAVIS 3 SE WV US,1162.8,39.098,-79.4322,20120327,0,0,0,61,-94,-94,2011-2012,3/27/2012
GHCND:USC00462211,DAVIS 3 SE WV US,1162.8,39.098,-79.4322,20120328,0,0,0,133,-100,122,2011-2012,3/28/2012
GHCND:USC00462211,DAVIS 3 SE WV US,1162.8,39.098,-79.4322,20120329,208,0,0,183,22,22,2011-2012,3/29/2012
GHCND:USC00462211,DAVIS 3 SE WV US,1162.8,39.098,-79.4322,20120330,0,0,0,122,22,50,2011-2012,3/30/2012
GHCND:USC00462211,DAVIS 3 SE WV US,1162.8,39.098,-79.4322,20120331,147,0,0,156,50,89,2011-2012,3/31/2012
GHCND:USC00462211,DAVIS 3 SE WV US,1162.8,39.098,-79.4322,20120401,8,0,0,111,17,17,2011-2012,4/1/2012
GHCND:USC00462211,DAVIS 3 SE WV US,1162.8,39.098,-79.4322,20120402,0,0,0,167,-17,-17,2011-2012,4/2/2012
GHCND:USC00462211,DAVIS 3 SE WV US,1162.8,39.098,-79.4322,20120403,43,0,0,128,-17,50,2011-2012,4/3/2012
GHCND:USC00462211,DAVIS 3 SE WV US,1162.8,39.098,-79.4322,20120404,0,0,0,194,50,117,2011-2012,4/4/2012
GHCND:USC00462211,DAVIS 3 SE WV US,1162.8,39.098,-79.4322,20120405,0,0,0,189,-17,-6,2011-2012,4/5/2012
GHCND:USC00462211,DAVIS 3 SE WV US,1162.8,39.098,-79.4322,20120406,0,0,0,133,-28,-28,2011-2012,4/6/2012
GHCND:USC00462211,DAVIS 3 SE WV US,1162.8,39.098,-79.4322,20120407,0,0,0,106,-28,-11,2011-2012,4/7/2012
GHCND:USC00462211,DAVIS 3 SE WV US,1162.8,39.098,-79.4322,20120408,0,0,0,111,-11,17,2011-2012,4/8/2012
GHCND:USC00462211,DAVIS 3 SE WV US,1162.8,39.098,-79.4322,20120409,0,0,0,133,17,17,2011-2012,4/9/2012
GHCND:USC00462211,DAVIS 3 SE WV US,1162.8,39.098,-79.4322,20120410,10,0,0,78,6,6,2011-2012,4/10/2012
GHCND:USC00462211,DAVIS 3 SE WV US,1162.8,39.098,-79.4322,20120411,15,25,20,83,-50,-50,2011-2012,4/11/2012
GHCND:USC00462211,DAVIS 3 SE WV US,1162.8,39.098,-79.4322,20120412,41,76,56,0,-50,-33,2011-2012,4/12/2012
GHCND:USC00462211,DAVIS 3 SE WV US,1162.8,39.098,-79.4322,20120413,0,0,0,72,-33,-17,2011-2012,4/13/2012
GHCND:USC00462211,DAVIS 3 SE WV US,1162.8,39.098,-79.4322,20120414,0,0,0,139,-17,50,2011-2012,4/14/2012
GHCND:USC00462211,DAVIS 3 SE WV US,1162.8,39.098,-79.4322,20120415,15,0,0,161,44,133,2011-2012,4/15/2012
GHCND:USC00462211,DAVIS 3 SE WV US,1162.8,39.098,-79.4322,20120416,0,0,0,228,133,144,2011-2012,4/16/2012
GHCND:USC00462211,DAVIS 3 SE WV US,1162.8,39.098,-79.4322,20120417,0,0,0,267,50,50,2011-2012,4/17/2012
GHCND:USC00462211,DAVIS 3 SE WV US,1162.8,39.098,-79.4322,20120418,33,0,0,139,39,39,2011-2012,4/18/2012
GHCND:USC00462211,DAVIS 3 SE WV US,1162.8,39.098,-79.4322,20120419,51,0,0,78,39,50,2011-2012,4/19/2012
GHCND:USC00462211,DAVIS 3 SE WV US,1162.8,39.098,-79.4322,20120420,0,0,0,183,50,89,2011-2012,4/20/2012
GHCND:USC00462211,DAVIS 3 SE WV US,1162.8,39.098,-79.4322,20120421,0,0,0,228,89,111,2011-2012,4/21/2012
GHCND:USC00462211,DAVIS 3 SE WV US,1162.8,39.098,-79.4322,20120422,43,0,0,150,28,28,2011-2012,4/22/2012
GHCND:USC00462211,DAVIS 3 SE WV US,1162.8,39.098,-79.4322,20120423,104,76,71,39,-28,-28,2011-2012,4/23/2012
GHCND:USC00462211,DAVIS 3 SE WV US,1162.8,39.098,-79.4322,20120424,94,127,86,0,-33,-33,2011-2012,4/24/2012
GHCND:USC00462211,DAVIS 3 SE WV US,1162.8,39.098,-79.4322,20120425,0,51,0,72,-33,6,2011-2012,4/25/2012
GHCND:USC00462211,DAVIS 3 SE WV US,1162.8,39.098,-79.4322,20120426,10,0,0,139,6,72,2011-2012,4/26/2012
GHCND:USC00462211,DAVIS 3 SE WV US,1162.8,39.098,-79.4322,20120427,61,0,0,178,-6,0,2011-2012,4/27/2012
GHCND:USC00462211,DAVIS 3 SE WV US,1162.8,39.098,-79.4322,20120428,0,0,0,89,-17,6,2011-2012,4/28/2012
GHCND:USC00462211,DAVIS 3 SE WV US,1162.8,39.098,-79.4322,20120429,170,0,0,133,6,39,2011-2012,4/29/2012
GHCND:USC00462211,DAVIS 3 SE WV US,1162.8,39.098,-79.4322,20120430,0,0,0,178,39,89,2011-2012,4/30/2012
GHCND:USC00462211,DAVIS 3 SE WV US,1162.8,39.098,-79.4322,20120501,58,0,0,244,89,139,2011-2012,5/1/2012
GHCND:USC00462211,DAVIS 3 SE WV US,1162.8,39.098,-79.4322,20120502,140,0,0,217,117,117,2011-2012,5/2/2012
GHCND:USC00462211,DAVIS 3 SE WV US,1162.8,39.098,-79.4322,20120503,8,0,0,217,117,161,2011-2012,5/3/2012
GHCND:USC00462211,DAVIS 3 SE WV US,1162.8,39.098,-79.4322,20120504,0,0,0,261,150,156,2011-2012,5/4/2012
GHCND:USC00462211,DAVIS 3 SE WV US,1162.8,39.098,-79.4322,20120505,165,0,0,194,122,133,2011-2012,5/5/2012
GHCND:USC00462211,DAVIS 3 SE WV US,1162.8,39.098,-79.4322,20120506,0,0,0,194,111,117,2011-2012,5/6/2012
GHCND:USC00462211,DAVIS 3 SE WV US,1162.8,39.098,-79.4322,20120507,0,0,0,217,117,128,2011-2012,5/7/2012
GHCND:USC00462211,DAVIS 3 SE WV US,1162.8,39.098,-79.4322,20120508,10,0,0,206,128,139,2011-2012,5/8/2012
GHCND:USC00462211,DAVIS 3 SE WV US,1162.8,39.098,-79.4322,20120509,142,0,0,150,94,94,2011-2012,5/9/2012
GHCND:USC00462211,DAVIS 3 SE WV US,1162.8,39.098,-79.4322,20120510,33,0,0,133,39,39,2011-2012,5/10/2012
GHCND:USC00462211,DAVIS 3 SE WV US,1162.8,39.098,-79.4322,20120511,0,0,0,117,-6,-6,2011-2012,5/11/2012
GHCND:USC00462211,DAVIS 3 SE WV US,1162.8,39.098,-79.4322,20120512,0,0,0,156,-6,72,2011-2012,5/12/2012
GHCND:USC00462211,DAVIS 3 SE WV US,1162.8,39.098,-79.4322,20120513,0,0,0,200,72,128,2011-2012,5/13/2012
GHCND:USC00462211,DAVIS 3 SE WV US,1162.8,39.098,-79.4322,20120514,307,0,0,200,100,100,2011-2012,5/14/2012
GHCND:USC00462211,DAVIS 3 SE WV US,1162.8,39.098,-79.4322,20120515,470,0,0,150,100,117,2011-2012,5/15/2012
GHCND:USC00462211,DAVIS 3 SE WV US,1162.8,39.098,-79.4322,20120516,0,0,0,178,78,106,2011-2012,5/16/2012
GHCND:USC00462211,DAVIS 3 SE WV US,1162.8,39.098,-79.4322,20120517,0,0,0,206,72,83,2011-2012,5/17/2012
GHCND:USC00462211,DAVIS 3 SE WV US,1162.8,39.098,-79.4322,20120518,0,0,0,194,56,78,2011-2012,5/18/2012
GHCND:USC00462211,DAVIS 3 SE WV US,1162.8,39.098,-79.4322,20120519,0,0,0,206,78,94,2011-2012,5/19/2012
GHCND:USC00462211,DAVIS 3 SE WV US,1162.8,39.098,-79.4322,20120520,0,0,0,217,89,117,2011-2012,5/20/2012
GHCND:USC00462211,DAVIS 3 SE WV US,1162.8,39.098,-79.4322,20120521,0,0,0,222,117,128,2011-2012,5/21/2012
GHCND:USC00462211,DAVIS 3 SE WV US,1162.8,39.098,-79.4322,20120522,8,0,0,206,106,128,2011-2012,5/22/2012
GHCND:USC00462211,DAVIS 3 SE WV US,1162.8,39.098,-79.4322,20120523,33,0,0,211,122,128,2011-2012,5/23/2012
GHCND:USC00462211,DAVIS 3 SE WV US,1132.3,39.098,-79.4322,20120524,0,0,0,211,128,144,2011-2012,5/24/2012
GHCND:USC00462211,DAVIS 3 SE WV US,1132.3,39.098,-79.4322,20120525,0,0,0,211,144,156,2011-2012,5/25/2012
GHCND:USC00462211,DAVIS 3 SE WV US,1132.3,39.098,-79.4322,20120526,0,0,0,256,139,156,2011-2012,5/26/2012
GHCND:USC00462211,DAVIS 3 SE WV US,1132.3,39.098,-79.4322,20120527,5,0,0,261,156,167,2011-2012,5/27/2012
GHCND:USC00462211,DAVIS 3 SE WV US,1132.3,39.098,-79.4322,20120528,3,0,0,261,161,172,2011-2012,5/28/2012
GHCND:USC00462211,DAVIS 3 SE WV US,1132.3,39.098,-79.4322,20120529,0,0,0,272,156,189,2011-2012,5/29/2012
GHCND:USC00462211,DAVIS 3 SE WV US,1132.3,39.098,-79.4322,20120530,10,0,0,256,117,139,2011-2012,5/30/2012
GHCND:USC00462211,DAVIS 3 SE WV US,1132.3,39.098,-79.4322,20120531,0,0,0,228,83,106,2011-2012,5/31/2012
GHCND:USC00462211,DAVIS 3 SE WV US,1132.3,39.098,-79.4322,20121001,5,0,0,150,28,39,2012-2013,10/1/2011
GHCND:USC00462211,DAVIS 3 SE WV US,1132.3,39.098,-79.4322,20121002,76,0,0,156,39,150,2012-2013,10/2/2011
GHCND:USC00462211,DAVIS 3 SE WV US,1132.3,39.098,-79.4322,20121003,41,0,0,233,150,150,2012-2013,10/3/2011
GHCND:USC00462211,DAVIS 3 SE WV US,1132.3,39.098,-79.4322,20121004,0,0,0,206,139,139,2012-2013,10/4/2011
GHCND:USC00462211,DAVIS 3 SE WV US,1132.3,39.098,-79.4322,20121005,0,0,0,189,89,89,2012-2013,10/5/2011
GHCND:USC00462211,DAVIS 3 SE WV US,1132.3,39.098,-79.4322,20121006,3,0,0,189,89,133,2012-2013,10/6/2011
GHCND:USC00462211,DAVIS 3 SE WV US,1132.3,39.098,-79.4322,20121007,15,0,0,133,22,22,2012-2013,10/7/2011
GHCND:USC00462211,DAVIS 3 SE WV US,1132.3,39.098,-79.4322,20121008,13,0,0,61,-17,-11,2012-2013,10/8/2011
GHCND:USC00462211,DAVIS 3 SE WV US,1132.3,39.098,-79.4322,20121009,99,0,25,17,-11,11,2012-2013,10/9/2011
GHCND:USC00462211,DAVIS 3 SE WV US,1132.3,39.098,-79.4322,20121010,0,0,0,139,11,44,2012-2013,10/10/2011
GHCND:USC00462211,DAVIS 3 SE WV US,1132.3,39.098,-79.4322,20121011,10,0,0,100,-28,-28,2012-2013,10/11/2011
GHCND:USC00462211,DAVIS 3 SE WV US,1132.3,39.098,-79.4322,20121012,0,0,0,139,-28,28,2012-2013,10/12/2011
GHCND:USC00462211,DAVIS 3 SE WV US,1132.3,39.098,-79.4322,20121013,0,0,0,83,-28,6,2012-2013,10/13/2011
GHCND:USC00462211,DAVIS 3 SE WV US,1132.3,39.098,-79.4322,20121014,0,0,0,172,6,111,2012-2013,10/14/2011
GHCND:USC00462211,DAVIS 3 SE WV US,1132.3,39.098,-79.4322,20121015,28,0,0,217,111,117,2012-2013,10/15/2011
GHCND:USC00462211,DAVIS 3 SE WV US,1132.3,39.098,-79.4322,20121016,71,0,0,133,28,28,2012-2013,10/16/2011
GHCND:USC00462211,DAVIS 3 SE WV US,1132.3,39.098,-79.4322,20121017,0,0,0,106,22,33,2012-2013,10/17/2011
GHCND:USC00462211,DAVIS 3 SE WV US,1132.3,39.098,-79.4322,20121018,0,0,0,189,33,94,2012-2013,10/18/2011
GHCND:USC00462211,DAVIS 3 SE WV US,1132.3,39.098,-79.4322,20121019,119,0,0,161,44,50,2012-2013,10/19/2011
GHCND:USC00462211,DAVIS 3 SE WV US,1132.3,39.098,-79.4322,20121020,0,0,0,156,33,33,2012-2013,10/20/2011
GHCND:USC00462211,DAVIS 3 SE WV US,1132.3,39.098,-79.4322,20121021,13,0,0,67,22,22,2012-2013,10/21/2011
GHCND:USC00462211,DAVIS 3 SE WV US,1132.3,39.098,-79.4322,20121022,0,0,0,94,17,56,2012-2013,10/22/2011
GHCND:USC00462211,DAVIS 3 SE WV US,1132.3,39.098,-79.4322,20121023,0,0,0,178,50,133,2012-2013,10/23/2011
GHCND:USC00462211,DAVIS 3 SE WV US,1132.3,39.098,-79.4322,20121024,0,0,0,200,117,133,2012-2013,10/24/2011
GHCND:USC00462211,DAVIS 3 SE WV US,1132.3,39.098,-79.4322,20121025,0,0,0,194,94,106,2012-2013,10/25/2011
GHCND:USC00462211,DAVIS 3 SE WV US,1132.3,39.098,-79.4322,20121026,0,0,0,228,106,111,2012-2013,10/26/2011
GHCND:USC00462211,DAVIS 3 SE WV US,1132.3,39.098,-79.4322,20121027,0,0,0,206,94,106,2012-2013,10/27/2011
GHCND:USC00462211,DAVIS 3 SE WV US,1132.3,39.098,-79.4322,20121028,43,0,0,139,56,56,2012-2013,10/28/2011
GHCND:USC00462211,DAVIS 3 SE WV US,1132.3,39.098,-79.4322,20121029,109,0,0,78,0,0,2012-2013,10/29/2011
GHCND:USC00462211,DAVIS 3 SE WV US,1132.3,39.098,-79.4322,20121030,800,533,582,0,-39,-39,2012-2013,10/30/2011
GHCND:USC00462211,DAVIS 3 SE WV US,1132.3,39.098,-79.4322,20121031,201,635,170,-28,-44,-28,2012-2013,10/31/2011
GHCND:USC00462211,DAVIS 3 SE WV US,1132.3,39.098,-79.4322,20121101,97,635,74,-6,-28,-28,2012-2013,11/1/2011
GHCND:USC00462211,DAVIS 3 SE WV US,1132.3,39.098,-79.4322,20121102,10,584,10,-6,-28,-28,2012-2013,11/2/2011
GHCND:USC00462211,DAVIS 3 SE WV US,1132.3,39.098,-79.4322,20121103,0,559,0,-6,-44,-39,2012-2013,11/3/2011
GHCND:USC00462211,DAVIS 3 SE WV US,1132.3,39.098,-79.4322,20121104,0,508,0,-28,-39,-39,2012-2013,11/4/2011
GHCND:USC00462211,DAVIS 3 SE WV US,1132.3,39.098,-79.4322,20121105,0,483,0,6,-50,-50,2012-2013,11/5/2011
GHCND:USC00462211,DAVIS 3 SE WV US,1132.3,39.098,-79.4322,20121106,0,432,0,0,-67,-67,2012-2013,11/6/2011
GHCND:USC00462211,DAVIS 3 SE WV US,1132.3,39.098,-79.4322,20121107,0,406,0,28,-67,-44,2012-2013,11/7/2011
GHCND:USC00462211,DAVIS 3 SE WV US,1132.3,39.098,-79.4322,20121108,0,381,0,17,-72,-67,2012-2013,11/8/2011
GHCND:USC00462211,DAVIS 3 SE WV US,1132.3,39.098,-79.4322,20121109,0,356,0,6,-67,-17,2012-2013,11/9/2011
GHCND:USC00462211,DAVIS 3 SE WV US,1132.3,39.098,-79.4322,20121110,0,330,0,78,-17,50,2012-2013,11/10/2011
GHCND:USC00462211,DAVIS 3 SE WV US,1132.3,39.098,-79.4322,20121111,0,279,0,150,39,94,2012-2013,11/11/2011
GHCND:USC00462211,DAVIS 3 SE WV US,1132.3,39.098,-79.4322,20121112,0,203,0,189,89,106,2012-2013,11/12/2011
GHCND:USC00462211,DAVIS 3 SE WV US,1132.3,39.098,-79.4322,20121113,89,102,15,156,-56,-56,2012-2013,11/13/2011
GHCND:USC00462211,DAVIS 3 SE WV US,1132.3,39.098,-79.4322,20121114,0,102,0,-6,-78,-72,2012-2013,11/14/2011
GHCND:USC00462211,DAVIS 3 SE WV US,1132.3,39.098,-79.4322,20121115,0,102,0,33,-78,-39,2012-2013,11/15/2011
GHCND:USC00462211,DAVIS 3 SE WV US,1132.3,39.098,-79.4322,20121116,0,102,0,83,-56,-56,2012-2013,11/16/2011
GHCND:USC00462211,DAVIS 3 SE WV US,1132.3,39.098,-79.4322,20121117,0,76,0,72,-56,-11,2012-2013,11/17/2011
GHCND:USC00462211,DAVIS 3 SE WV US,1132.3,39.098,-79.4322,20121118,0,76,0,72,-11,-11,2012-2013,11/18/2011
GHCND:USC00462211,DAVIS 3 SE WV US,1132.3,39.098,-79.4322,20121119,0,76,0,83,-22,-22,2012-2013,11/19/2011
GHCND:USC00462211,DAVIS 3 SE WV US,1132.3,39.098,-79.4322,20121120,0,76,0,139,-22,17,2012-2013,11/20/2011
GHCND:USC00462211,DAVIS 3 SE WV US,1132.3,39.098,-79.4322,20121121,0,51,0,89,-28,-22,2012-2013,11/21/2011
GHCND:USC00462211,DAVIS 3 SE WV US,1132.3,39.098,-79.4322,20121122,0,51,0,106,-28,-17,2012-2013,11/22/2011
GHCND:USC00462211,DAVIS 3 SE WV US,1132.3,39.098,-79.4322,20121123,0,51,0,133,-22,67,2012-2013,11/23/2011
GHCND:USC00462211,DAVIS 3 SE WV US,1132.3,39.098,-79.4322,20121124,18,51,0,111,-78,-78,2012-2013,11/24/2011
GHCND:USC00462211,DAVIS 3 SE WV US,1132.3,39.098,-79.4322,20121125,38,102,66,-67,-89,-89,2012-2013,11/25/2011
GHCND:USC00462211,DAVIS 3 SE WV US,1132.3,39.098,-79.4322,20121126,0,76,0,6,-89,-22,2012-2013,11/26/2011
GHCND:USC00462211,DAVIS 3 SE WV US,1132.3,39.098,-79.4322,20121127,53,127,61,50,-22,-6,2012-2013,11/27/2011
GHCND:USC00462211,DAVIS 3 SE WV US,1132.3,39.098,-79.4322,20121128,13,127,15,-6,-50,-50,2012-2013,11/28/2011
GHCND:USC00462211,DAVIS 3 SE WV US,1132.3,39.098,-79.4322,20121129,0,102,0,-22,-61,-61,2012-2013,11/29/2011
GHCND:USC00462211,DAVIS 3 SE WV US,1132.3,39.098,-79.4322,20121130,0,76,0,39,-61,17,2012-2013,11/30/2011
GHCND:USC00462211,DAVIS 3 SE WV US,1132.3,39.098,-79.4322,20121201,0,76,0,78,11,33,2012-2013,12/1/2011
GHCND:USC00462211,DAVIS 3 SE WV US,1132.3,39.098,-79.4322,20121202,0,51,0,111,17,72,2012-2013,12/2/2011
GHCND:USC00462211,DAVIS 3 SE WV US,1132.3,39.098,-79.4322,20121203,152,0,0,122,72,94,2012-2013,12/3/2011
GHCND:USC00462211,DAVIS 3 SE WV US,1132.3,39.098,-79.4322,20121204,25,0,0,111,89,94,2012-2013,12/4/2011
GHCND:USC00462211,DAVIS 3 SE WV US,1132.3,39.098,-79.4322,20121205,79,0,0,156,6,6,2012-2013,12/5/2011
GHCND:USC00462211,DAVIS 3 SE WV US,1132.3,39.098,-79.4322,20121206,0,0,0,39,-61,-28,2012-2013,12/6/2011
GHCND:USC00462211,DAVIS 3 SE WV US,1132.3,39.098,-79.4322,20121207,10,0,0,100,-28,72,2012-2013,12/7/2011
GHCND:USC00462211,DAVIS 3 SE WV US,1132.3,39.098,-79.4322,20121208,104,0,0,89,72,72,2012-2013,12/8/2011
GHCND:USC00462211,DAVIS 3 SE WV US,1132.3,39.098,-79.4322,20121209,145,0,0,106,72,72,2012-2013,12/9/2011
GHCND:USC00462211,DAVIS 3 SE WV US,1132.3,39.098,-79.4322,20121210,76,0,0,106,72,94,2012-2013,12/10/2011
GHCND:USC00462211,DAVIS 3 SE WV US,1132.3,39.098,-79.4322,20121211,163,25,33,100,-33,-33,2012-2013,12/11/2011
GHCND:USC00462211,DAVIS 3 SE WV US,1132.3,39.098,-79.4322,20121212,5,25,5,-33,-67,-67,2012-2013,12/12/2011
GHCND:USC00462211,DAVIS 3 SE WV US,1132.3,39.098,-79.4322,20121213,0,25,0,0,-67,-67,2012-2013,12/13/2011
GHCND:USC00462211,DAVIS 3 SE WV US,1132.3,39.098,-79.4322,20121214,0,25,0,50,-67,-11,2012-2013,12/14/2011
GHCND:USC00462211,DAVIS 3 SE WV US,1132.3,39.098,-79.4322,20121215,0,0,0,61,-17,22,2012-2013,12/15/2011
GHCND:USC00462211,DAVIS 3 SE WV US,1132.3,39.098,-79.4322,20121216,8,0,0,89,22,50,2012-2013,12/16/2011
GHCND:USC00462211,DAVIS 3 SE WV US,1132.3,39.098,-79.4322,20121217,8,0,0,89,50,72,2012-2013,12/17/2011
GHCND:USC00462211,DAVIS 3 SE WV US,1132.3,39.098,-79.4322,20121218,30,0,0,94,17,17,2012-2013,12/18/2011
GHCND:USC00462211,DAVIS 3 SE WV US,1132.3,39.098,-79.4322,20121219,175,25,25,17,-22,0,2012-2013,12/19/2011
GHCND:USC00462211,DAVIS 3 SE WV US,1132.3,39.098,-79.4322,20121220,0,0,0,17,-28,6,2012-2013,12/20/2011
GHCND:USC00462211,DAVIS 3 SE WV US,1132.3,39.098,-79.4322,20121221,185,25,20,33,-67,-67,2012-2013,12/21/2011
GHCND:USC00462211,DAVIS 3 SE WV US,1132.3,39.098,-79.4322,20121222,170,178,185,-67,-78,-72,2012-2013,12/22/2011
GHCND:USC00462211,DAVIS 3 SE WV US,1132.3,39.098,-79.4322,20121223,15,178,23,-67,-94,-72,2012-2013,12/23/2011
GHCND:USC00462211,DAVIS 3 SE WV US,1132.3,39.098,-79.4322,20121224,0,152,0,11,-78,-22,2012-2013,12/24/2011
GHCND:USC00462211,DAVIS 3 SE WV US,1132.3,39.098,-79.4322,20121225,76,102,41,22,-22,-11,2012-2013,12/25/2011
GHCND:USC00462211,DAVIS 3 SE WV US,1132.3,39.098,-79.4322,20121226,23,102,10,0,-44,-44,2012-2013,12/26/2011
GHCND:USC00462211,DAVIS 3 SE WV US,1132.3,39.098,-79.4322,20121227,320,229,142,-22,-67,-67,2012-2013,12/27/2011
GHCND:USC00462211,DAVIS 3 SE WV US,1132.3,39.098,-79.4322,20121228,25,229,15,-67,-78,-78,2012-2013,12/28/2011
GHCND:USC00462211,DAVIS 3 SE WV US,1132.3,39.098,-79.4322,20121229,58,229,30,0,-78,-22,2012-2013,12/29/2011
GHCND:USC00462211,DAVIS 3 SE WV US,1132.3,39.098,-79.4322,20121230,86,381,173,-6,-83,-83,2012-2013,12/30/2011
GHCND:USC00462211,DAVIS 3 SE WV US,1132.3,39.098,-79.4322,20121231,18,381,48,-78,-94,-83,2012-2013,12/31/2011
GHCND:USC00462211,DAVIS 3 SE WV US,1132.3,39.098,-79.4322,20130101,18,356,36,-33,-83,-39,2012-2013,1/1/2012
GHCND:USC00462211,DAVIS 3 SE WV US,1132.3,39.098,-79.4322,20130102,20,330,28,-28,-83,-83,2012-2013,1/2/2012
GHCND:USC00462211,DAVIS 3 SE WV US,1132.3,39.098,-79.4322,20130103,0,330,0,-78,-122,-122,2012-2013,1/3/2012
GHCND:USC00462211,DAVIS 3 SE WV US,1132.3,39.098,-79.4322,20130104,0,279,0,-50,-128,-83,2012-2013,1/4/2012
GHCND:USC00462211,DAVIS 3 SE WV US,1132.3,39.098,-79.4322,20130105,0,254,0,-67,-83,-78,2012-2013,1/5/2012
GHCND:USC00462211,DAVIS 3 SE WV US,1132.3,39.098,-79.4322,20130106,0,229,0,-6,-89,-39,2012-2013,1/6/2012
GHCND:USC00462211,DAVIS 3 SE WV US,1132.3,39.098,-79.4322,20130107,15,229,20,-17,-61,-61,2012-2013,1/7/2012
GHCND:USC00462211,DAVIS 3 SE WV US,1132.3,39.098,-79.4322,20130108,0,229,0,0,-67,-17,2012-2013,1/8/2012
GHCND:USC00462211,DAVIS 3 SE WV US,1132.3,39.098,-79.4322,20130109,0,229,0,39,-28,39,2012-2013,1/9/2012
GHCND:USC00462211,DAVIS 3 SE WV US,1132.3,39.098,-79.4322,20130110,10,203,0,72,-28,-28,2012-2013,1/10/2012
GHCND:USC00462211,DAVIS 3 SE WV US,1132.3,39.098,-79.4322,20130111,0,178,0,111,-28,83,2012-2013,1/11/2012
GHCND:USC00462211,DAVIS 3 SE WV US,1132.3,39.098,-79.4322,20130112,91,76,0,106,61,100,2012-2013,1/12/2012
GHCND:USC00462211,DAVIS 3 SE WV US,1132.3,39.098,-79.4322,20130113,0,0,0,133,89,128,2012-2013,1/13/2012
GHCND:USC00462211,DAVIS 3 SE WV US,1132.3,39.098,-79.4322,20130114,51,0,0,150,33,33,2012-2013,1/14/2012
GHCND:USC00462211,DAVIS 3 SE WV US,1132.3,39.098,-79.4322,20130115,142,0,8,33,-17,-17,2012-2013,1/15/2012
GHCND:USC00462211,DAVIS 3 SE WV US,1132.3,39.098,-79.4322,20130116,251,0,0,33,-17,33,2012-2013,1/16/2012
GHCND:USC00462211,DAVIS 3 SE WV US,1132.3,39.098,-79.4322,20130117,20,0,0,67,-50,-50,2012-2013,1/17/2012
GHCND:USC00462211,DAVIS 3 SE WV US,1132.3,39.098,-79.4322,20130118,0,0,0,-33,-100,-100,2012-2013,1/18/2012
GHCND:USC00462211,DAVIS 3 SE WV US,1132.3,39.098,-79.4322,20130119,0,0,0,11,-106,11,2012-2013,1/19/2012
GHCND:USC00462211,DAVIS 3 SE WV US,1132.3,39.098,-79.4322,20130120,0,0,0,72,6,6,2012-2013,1/20/2012
GHCND:USC00462211,DAVIS 3 SE WV US,1132.3,39.098,-79.4322,20130121,0,0,0,22,-89,-78,2012-2013,1/21/2012
GHCND:USC00462211,DAVIS 3 SE WV US,1132.3,39.098,-79.4322,20130122,10,25,18,-22,-206,-206,2012-2013,1/22/2012
GHCND:USC00462211,DAVIS 3 SE WV US,1132.3,39.098,-79.4322,20130123,0,25,0,-150,-206,-189,2012-2013,1/23/2012
GHCND:USC00462211,DAVIS 3 SE WV US,1132.3,39.098,-79.4322,20130124,66,152,132,-128,-189,-150,2012-2013,1/24/2012
GHCND:USC00462211,DAVIS 3 SE WV US,1132.3,39.098,-79.4322,20130125,15,152,28,-122,-200,-128,2012-2013,1/25/2012
GHCND:USC00462211,DAVIS 3 SE WV US,1132.3,39.098,-79.4322,20130126,53,178,64,-72,-128,-100,2012-2013,1/26/2012
GHCND:USC00462211,DAVIS 3 SE WV US,1132.3,39.098,-79.4322,20130127,23,203,79,-78,-111,-111,2012-2013,1/27/2012
GHCND:USC00462211,DAVIS 3 SE WV US,1132.3,39.098,-79.4322,20130128,69,127,0,39,-111,39,2012-2013,1/28/2012
GHCND:USC00462211,DAVIS 3 SE WV US,1132.3,39.098,-79.4322,20130129,168,0,0,83,17,83,2012-2013,1/29/2012
GHCND:USC00462211,DAVIS 3 SE WV US,1132.3,39.098,-79.4322,20130130,3,0,0,150,83,139,2012-2013,1/30/2012
GHCND:USC00462211,DAVIS 3 SE WV US,1132.3,39.098,-79.4322,20130131,483,51,46,167,-67,-67,2012-2013,1/31/2012
GHCND:USC00462211,DAVIS 3 SE WV US,1132.3,39.098,-79.4322,20130201,109,254,272,-67,-144,-144,2012-2013,2/1/2012
GHCND:USC00462211,DAVIS 3 SE WV US,1132.3,39.098,-79.4322,20130202,8,229,18,-144,-183,-167,2012-2013,2/2/2012
GHCND:USC00462211,DAVIS 3 SE WV US,1132.3,39.098,-79.4322,20130203,86,279,165,-61,-167,-83,2012-2013,2/3/2012
GHCND:USC00462211,DAVIS 3 SE WV US,1132.3,39.098,-79.4322,20130204,56,330,188,-67,-128,-122,2012-2013,2/4/2012
GHCND:USC00462211,DAVIS 3 SE WV US,1132.3,39.098,-79.4322,20130205,152,381,147,-11,-128,-22,2012-2013,2/5/2012
GHCND:USC00462211,DAVIS 3 SE WV US,1132.3,39.098,-79.4322,20130206,109,406,112,-11,-56,-56,2012-2013,2/6/2012
GHCND:USC00462211,DAVIS 3 SE WV US,1132.3,39.098,-79.4322,20130207,5,381,8,-33,-89,-33,2012-2013,2/7/2012
GHCND:USC00462211,DAVIS 3 SE WV US,1132.3,39.098,-79.4322,20130208,0,330,0,22,-33,-11,2012-2013,2/8/2012
GHCND:USC00462211,DAVIS 3 SE WV US,1132.3,39.098,-79.4322,20130209,71,356,66,17,-106,-106,2012-2013,2/9/2012
GHCND:USC00462211,DAVIS 3 SE WV US,1132.3,39.098,-79.4322,20130210,5,330,10,-11,-117,-17,2012-2013,2/10/2012
GHCND:USC00462211,DAVIS 3 SE WV US,1132.3,39.098,-79.4322,20130211,46,279,0,78,-22,56,2012-2013,2/11/2012
GHCND:USC00462211,DAVIS 3 SE WV US,1132.3,39.098,-79.4322,20130212,0,203,0,106,-33,-33,2012-2013,2/12/2012
GHCND:USC00462211,DAVIS 3 SE WV US,1132.3,39.098,-79.4322,20130213,0,178,0,50,-39,-22,2012-2013,2/13/2012
GHCND:USC00462211,DAVIS 3 SE WV US,1132.3,39.098,-79.4322,20130214,107,279,117,28,-67,-67,2012-2013,2/14/2012
GHCND:USC00462211,DAVIS 3 SE WV US,1132.3,39.098,-79.4322,20130215,0,254,0,17,-67,-17,2012-2013,2/15/2012
GHCND:USC00462211,DAVIS 3 SE WV US,1132.3,39.098,-79.4322,20130216,38,279,51,17,-78,-78,2012-2013,2/16/2012
GHCND:USC00462211,DAVIS 3 SE WV US,1132.3,39.098,-79.4322,20130217,56,432,180,-78,-150,-150,2012-2013,2/17/2012
GHCND:USC00462211,DAVIS 3 SE WV US,1132.3,39.098,-79.4322,20130218,25,432,69,-128,-161,-139,2012-2013,2/18/2012
GHCND:USC00462211,DAVIS 3 SE WV US,1132.3,39.098,-79.4322,20130219,13,356,15,44,-139,-6,2012-2013,2/19/2012
GHCND:USC00462211,DAVIS 3 SE WV US,1132.3,39.098,-79.4322,20130220,84,406,127,17,-117,-117,2012-2013,2/20/2012
GHCND:USC00462211,DAVIS 3 SE WV US,1132.3,39.098,-79.4322,20130221,8,406,38,-94,-139,-139,2012-2013,2/21/2012
GHCND:USC00462211,DAVIS 3 SE WV US,1132.3,39.098,-79.4322,20130222,10,356,5,-44,-139,-44,2012-2013,2/22/2012
GHCND:USC00462211,DAVIS 3 SE WV US,1132.3,39.098,-79.4322,20130223,36,330,0,28,-50,22,2012-2013,2/23/2012
GHCND:USC00462211,DAVIS 3 SE WV US,1132.3,39.098,-79.4322,20130224,0,279,0,89,-39,-39,2012-2013,2/24/2012
GHCND:USC00462211,DAVIS 3 SE WV US,1132.3,39.098,-79.4322,20130225,0,254,0,0,-111,-83,2012-2013,2/25/2012
GHCND:USC00462211,DAVIS 3 SE WV US,1132.3,39.098,-79.4322,20130226,0,254,0,33,-83,-28,2012-2013,2/26/2012
GHCND:USC00462211,DAVIS 3 SE WV US,1132.3,39.098,-79.4322,20130227,99,279,28,0,-39,-6,2012-2013,2/27/2012
GHCND:USC00462211,DAVIS 3 SE WV US,1132.3,39.098,-79.4322,20130228,48,305,41,-6,-56,-56,2012-2013,2/28/2012
GHCND:USC00462211,DAVIS 3 SE WV US,1132.3,39.098,-79.4322,20130301,109,406,107,-39,-61,-61,2012-2013,2/29/2012
GHCND:USC00462211,DAVIS 3 SE WV US,1132.3,39.098,-79.4322,20130302,28,432,53,-56,-94,-94,2012-2013,3/1/2012
GHCND:USC00462211,DAVIS 3 SE WV US,1132.3,39.098,-79.4322,20130303,41,483,104,-72,-100,-100,2012-2013,3/2/2012
GHCND:USC00462211,DAVIS 3 SE WV US,1132.3,39.098,-79.4322,20130304,30,559,170,-61,-128,-128,2012-2013,3/3/2012
GHCND:USC00462211,DAVIS 3 SE WV US,1132.3,39.098,-79.4322,20130305,0,457,5,-39,-128,-72,2012-2013,3/4/2012
GHCND:USC00462211,DAVIS 3 SE WV US,1132.3,39.098,-79.4322,20130306,218,711,282,67,-72,-56,2012-2013,3/5/2012
GHCND:USC00462211,DAVIS 3 SE WV US,1132.3,39.098,-79.4322,20130307,28,737,79,-22,-56,-44,2012-2013,3/6/2012
GHCND:USC00462211,DAVIS 3 SE WV US,1132.3,39.098,-79.4322,20130308,28,686,46,-17,-67,-67,2012-2013,3/7/2012
GHCND:USC00462211,DAVIS 3 SE WV US,1132.3,39.098,-79.4322,20130309,0,635,0,-44,-106,-61,2012-2013,3/8/2012
GHCND:USC00462211,DAVIS 3 SE WV US,1132.3,39.098,-79.4322,20130310,0,559,0,100,-61,44,2012-2013,3/9/2012
GHCND:USC00462211,DAVIS 3 SE WV US,1132.3,39.098,-79.4322,20130311,0,406,0,156,44,106,2012-2013,3/10/2012
GHCND:USC00462211,DAVIS 3 SE WV US,1132.3,39.098,-79.4322,20130312,53,305,0,106,6,6,2012-2013,3/11/2012
GHCND:USC00462211,DAVIS 3 SE WV US,1132.3,39.098,-79.4322,20130313,20,305,23,6,-44,-44,2012-2013,3/12/2012
GHCND:USC00462211,DAVIS 3 SE WV US,1132.3,39.098,-79.4322,20130314,71,406,147,-33,-106,-106,2012-2013,3/13/2012
GHCND:USC00462211,DAVIS 3 SE WV US,1132.3,39.098,-79.4322,20130315,3,356,5,-28,-106,-61,2012-2013,3/14/2012
GHCND:USC00462211,DAVIS 3 SE WV US,1132.3,39.098,-79.4322,20130316,23,279,0,56,-61,22,2012-2013,3/15/2012
GHCND:USC00462211,DAVIS 3 SE WV US,1132.3,39.098,-79.4322,20130317,20,229,0,100,-6,-6,2012-2013,3/16/2012
GHCND:USC00462211,DAVIS 3 SE WV US,1132.3,39.098,-79.4322,20130318,84,305,89,-6,-50,-50,2012-2013,3/17/2012
GHCND:USC00462211,DAVIS 3 SE WV US,1132.3,39.098,-79.4322,20130319,89,305,5,50,-50,-6,2012-2013,3/18/2012
GHCND:USC00462211,DAVIS 3 SE WV US,1132.3,39.098,-79.4322,20130320,0,229,0,39,-72,-72,2012-2013,3/19/2012
GHCND:USC00462211,DAVIS 3 SE WV US,1132.3,39.098,-79.4322,20130321,41,356,119,11,-122,-122,2012-2013,3/20/2012
GHCND:USC00462211,DAVIS 3 SE WV US,1132.3,39.098,-79.4322,20130322,10,356,25,-78,-133,-111,2012-2013,3/21/2012
GHCND:USC00462211,DAVIS 3 SE WV US,1132.3,39.098,-79.4322,20130323,0,254,0,0,-111,-83,2012-2013,3/22/2012
GHCND:USC00462211,DAVIS 3 SE WV US,1132.3,39.098,-79.4322,20130324,0,254,0,39,-89,-28,2012-2013,3/23/2012
GHCND:USC00462211,DAVIS 3 SE WV US,1132.3,39.098,-79.4322,20130325,160,406,157,-6,-56,-44,2012-2013,3/24/2012
GHCND:USC00462211,DAVIS 3 SE WV US,1132.3,39.098,-79.4322,20130326,91,483,122,-28,-56,-44,2012-2013,3/25/2012
GHCND:USC00462211,DAVIS 3 SE WV US,1132.3,39.098,-79.4322,20130327,64,559,99,-6,-61,-56,2012-2013,3/26/2012
GHCND:USC00462211,DAVIS 3 SE WV US,1132.3,39.098,-79.4322,20130328,51,610,94,-22,-56,-56,2012-2013,3/27/2012
GHCND:USC00462211,DAVIS 3 SE WV US,1132.3,39.098,-79.4322,20130329,10,559,18,-22,-56,-33,2012-2013,3/28/2012
GHCND:USC00462211,DAVIS 3 SE WV US,1132.3,39.098,-79.4322,20130330,0,457,0,44,-50,-50,2012-2013,3/29/2012
GHCND:USC00462211,DAVIS 3 SE WV US,1132.3,39.098,-79.4322,20130331,0,381,0,78,-50,33,2012-2013,3/30/2012
GHCND:USC00462211,DAVIS 3 SE WV US,1132.3,39.098,-79.4322,20130401,127,305,0,61,17,28,2012-2013,3/31/2012
GHCND:USC00462211,DAVIS 3 SE WV US,1132.3,39.098,-79.4322,20130402,53,330,51,44,-78,-78,2012-2013,4/1/2012
GHCND:USC00462211,DAVIS 3 SE WV US,1132.3,39.098,-79.4322,20130403,0,305,0,0,-83,-83,2012-2013,4/2/2012
GHCND:USC00462211,DAVIS 3 SE WV US,1132.3,39.098,-79.4322,20130404,0,254,0,11,-106,-72,2012-2013,4/3/2012
GHCND:USC00462211,DAVIS 3 SE WV US,1132.3,39.098,-79.4322,20130405,0,229,0,61,-72,0,2012-2013,4/4/2012
GHCND:USC00462211,DAVIS 3 SE WV US,1132.3,39.098,-79.4322,20130406,0,178,0,94,-78,-67,2012-2013,4/5/2012
GHCND:USC00462211,DAVIS 3 SE WV US,1132.3,39.098,-79.4322,20130407,0,152,0,128,-67,50,2012-2013,4/6/2012
GHCND:USC00462211,DAVIS 3 SE WV US,1132.3,39.098,-79.4322,20130408,0,152,0,167,44,83,2012-2013,4/7/2012
GHCND:USC00462211,DAVIS 3 SE WV US,1132.3,39.098,-79.4322,20130409,0,102,0,194,83,111,2012-2013,4/8/2012
GHCND:USC00462211,DAVIS 3 SE WV US,1132.3,39.098,-79.4322,20130410,0,0,0,228,111,133,2012-2013,4/9/2012
GHCND:USC00462211,DAVIS 3 SE WV US,1132.3,39.098,-79.4322,20130411,0,0,0,239,106,150,2012-2013,4/10/2012
GHCND:USC00462211,DAVIS 3 SE WV US,1132.3,39.098,-79.4322,20130412,185,0,0,233,111,111,2012-2013,4/11/2012
GHCND:USC00462211,DAVIS 3 SE WV US,1132.3,39.098,-79.4322,20130413,8,0,0,156,6,6,2012-2013,4/12/2012
GHCND:USC00462211,DAVIS 3 SE WV US,1132.3,39.098,-79.4322,20130414,0,0,0,117,-11,-11,2012-2013,4/13/2012
GHCND:USC00462211,DAVIS 3 SE WV US,1132.3,39.098,-79.4322,20130415,0,0,0,167,-11,72,2012-2013,4/14/2012
GHCND:USC00462211,DAVIS 3 SE WV US,1132.3,39.098,-79.4322,20130416,5,0,0,128,67,94,2012-2013,4/15/2012
GHCND:USC00462211,DAVIS 3 SE WV US,1132.3,39.098,-79.4322,20130417,91,0,0,222,94,117,2012-2013,4/16/2012
GHCND:USC00462211,DAVIS 3 SE WV US,1132.3,39.098,-79.4322,20130418,0,0,0,211,117,133,2012-2013,4/17/2012
GHCND:USC00462211,DAVIS 3 SE WV US,1132.3,39.098,-79.4322,20130419,0,0,0,211,133,144,2012-2013,4/18/2012
GHCND:USC00462211,DAVIS 3 SE WV US,1132.3,39.098,-79.4322,20130420,246,0,0,189,-28,-28,2012-2013,4/19/2012
GHCND:USC00462211,DAVIS 3 SE WV US,1132.3,39.098,-79.4322,20130421,0,0,0,67,-67,-50,2012-2013,4/20/2012
GHCND:USC00462211,DAVIS 3 SE WV US,1132.3,39.098,-79.4322,20130422,0,0,0,83,-50,-17,2012-2013,4/21/2012
GHCND:USC00462211,DAVIS 3 SE WV US,1132.3,39.098,-79.4322,20130423,0,0,0,111,-17,28,2012-2013,4/22/2012
GHCND:USC00462211,DAVIS 3 SE WV US,1132.3,39.098,-79.4322,20130424,0,0,0,172,28,94,2012-2013,4/23/2012
GHCND:USC00462211,DAVIS 3 SE WV US,1132.3,39.098,-79.4322,20130425,94,0,0,217,-28,-22,2012-2013,4/24/2012
GHCND:USC00462211,DAVIS 3 SE WV US,1132.3,39.098,-79.4322,20130426,0,0,0,106,-22,-6,2012-2013,4/25/2012
GHCND:USC00462211,DAVIS 3 SE WV US,1132.3,39.098,-79.4322,20130427,0,0,0,139,-11,22,2012-2013,4/26/2012
GHCND:USC00462211,DAVIS 3 SE WV US,1132.3,39.098,-79.4322,20130428,0,0,0,178,22,83,2012-2013,4/27/2012
GHCND:USC00462211,DAVIS 3 SE WV US,1132.3,39.098,-79.4322,20130429,84,0,0,89,67,72,2012-2013,4/28/2012
GHCND:USC00462211,DAVIS 3 SE WV US,1132.3,39.098,-79.4322,20130430,89,0,0,139,72,78,2012-2013,4/29/2012
GHCND:USC00462211,DAVIS 3 SE WV US,1132.3,39.098,-79.4322,20130501,0,0,0,156,78,78,2012-2013,4/30/2012
GHCND:USC00462211,DAVIS 3 SE WV US,1132.3,39.098,-79.4322,20130502,0,0,0,178,44,50,2012-2013,5/1/2012
GHCND:USC00462211,DAVIS 3 SE WV US,1132.3,39.098,-79.4322,20130503,0,0,0,189,39,67,2012-2013,5/2/2012
GHCND:USC00462211,DAVIS 3 SE WV US,1132.3,39.098,-79.4322,20130504,0,0,0,167,11,17,2012-2013,5/3/2012
GHCND:USC00462211,DAVIS 3 SE WV US,1132.3,39.098,-79.4322,20130505,0,0,0,161,17,33,2012-2013,5/4/2012
GHCND:USC00462211,DAVIS 3 SE WV US,1132.3,39.098,-79.4322,20130506,0,0,0,161,33,44,2012-2013,5/5/2012
GHCND:USC00462211,DAVIS 3 SE WV US,1132.3,39.098,-79.4322,20130507,165,0,0,94,44,94,2012-2013,5/6/2012
GHCND:USC00462211,DAVIS 3 SE WV US,1132.3,39.098,-79.4322,20130508,414,0,0,111,67,67,2012-2013,5/7/2012
GHCND:USC00462211,DAVIS 3 SE WV US,1132.3,39.098,-79.4322,20130509,25,0,0,144,56,89,2012-2013,5/8/2012
GHCND:USC00462211,DAVIS 3 SE WV US,1132.3,39.098,-79.4322,20130510,5,0,0,178,89,122,2012-2013,5/9/2012
GHCND:USC00462211,DAVIS 3 SE WV US,1132.3,39.098,-79.4322,20130511,180,0,0,222,117,117,2012-2013,5/10/2012
GHCND:USC00462211,DAVIS 3 SE WV US,1132.3,39.098,-79.4322,20130512,79,0,0,144,17,17,2012-2013,5/11/2012
GHCND:USC00462211,DAVIS 3 SE WV US,1132.3,39.098,-79.4322,20130513,0,0,0,67,-17,-11,2012-2013,5/12/2012
GHCND:USC00462211,DAVIS 3 SE WV US,1132.3,39.098,-79.4322,20130514,0,0,0,56,-39,-6,2012-2013,5/13/2012
GHCND:USC00462211,DAVIS 3 SE WV US,1132.3,39.098,-79.4322,20130515,5,0,0,133,-6,133,2012-2013,5/14/2012
GHCND:USC00462211,DAVIS 3 SE WV US,1132.3,39.098,-79.4322,20130516,0,0,0,256,133,144,2012-2013,5/15/2012
GHCND:USC00462211,DAVIS 3 SE WV US,1132.3,39.098,-79.4322,20130517,71,0,0,161,106,106,2012-2013,5/16/2012
GHCND:USC00462211,DAVIS 3 SE WV US,1132.3,39.098,-79.4322,20130518,0,0,0,228,106,133,2012-2013,5/17/2012
GHCND:USC00462211,DAVIS 3 SE WV US,1132.3,39.098,-79.4322,20130519,122,0,0,211,128,133,2012-2013,5/18/2012
GHCND:USC00462211,DAVIS 3 SE WV US,1132.3,39.098,-79.4322,20130520,0,0,0,172,133,133,2012-2013,5/19/2012
GHCND:USC00462211,DAVIS 3 SE WV US,1132.3,39.098,-79.4322,20130521,0,0,0,222,133,144,2012-2013,5/20/2012
GHCND:USC00462211,DAVIS 3 SE WV US,1132.3,39.098,-79.4322,20130522,8,0,0,261,144,161,2012-2013,5/21/2012
GHCND:USC00462211,DAVIS 3 SE WV US,1132.3,39.098,-79.4322,20130523,20,0,0,239,133,133,2012-2013,5/22/2012
GHCND:USC00462211,DAVIS 3 SE WV US,1132.3,39.098,-79.4322,20130524,53,0,0,217,22,22,2012-2013,5/23/2012
GHCND:USC00462211,DAVIS 3 SE WV US,1132.3,39.098,-79.4322,20130525,25,0,0,56,-28,-22,2012-2013,5/24/2012
GHCND:USC00462211,DAVIS 3 SE WV US,1132.3,39.098,-79.4322,20130526,0,0,0,106,-22,11,2012-2013,5/25/2012
GHCND:USC00462211,DAVIS 3 SE WV US,1132.3,39.098,-79.4322,20130527,0,0,0,144,11,56,2012-2013,5/26/2012
GHCND:USC00462211,DAVIS 3 SE WV US,1132.3,39.098,-79.4322,20130528,10,0,0,150,56,150,2012-2013,5/27/2012
GHCND:USC00462211,DAVIS 3 SE WV US,1132.3,39.098,-79.4322,20130529,3,0,0,228,150,172,2012-2013,5/28/2012
GHCND:USC00462211,DAVIS 3 SE WV US,1132.3,39.098,-79.4322,20130530,0,0,0,250,139,156,2012-2013,5/29/2012
GHCND:USC00462211,DAVIS 3 SE WV US,1132.3,39.098,-79.4322,20130531,3,0,0,256,139,144,2012-2013,5/30/2012
